id,emotion
640,3
6081,3
11137,3
6793,3
5932,3
28088,3
27163,3
15695,3
21138,3
22941,3
3927,3
17863,3
17739,3
19400,3
27610,3
18349,3
28158,3
936,3
16372,3
34353,3
10436,3
32124,3
14259,3
28607,3
15829,3
29716,3
32332,3
20799,3
33305,3
12352,3
27581,3
14574,3
30792,3
15822,3
20577,3
5072,3
33450,3
10962,3
35426,3
33907,3
5687,3
20697,3
19276,3
28828,3
19298,3
22158,3
9909,3
35886,3
9315,3
3436,3
24275,3
3341,3
20889,3
24437,3
21779,3
11003,3
24422,3
19226,3
35188,3
25662,3
4292,3
20662,3
28819,3
23677,3
20620,3
1376,3
14089,3
32633,3
22805,3
16604,3
1101,3
32027,3
29636,3
1054,3
10710,3
32072,3
13855,3
28290,3
29333,3
28634,3
35113,3
32450,3
18800,3
3739,3
24447,3
7272,3
1450,3
18591,3
19060,3
15748,3
35827,3
16561,3
13582,3
33500,3
22362,3
19465,3
31057,3
10801,3
34532,3
27864,3
21633,3
14041,3
9353,3
17584,3
23948,3
24638,3
28052,3
9431,3
22944,3
22605,3
20204,3
25050,3
1412,3
7675,3
35871,3
3855,3
33637,3
32667,3
31283,3
30899,3
15769,3
28711,3
14891,3
16867,3
4265,3
29091,3
26236,3
28641,3
26646,3
4963,3
7654,3
7021,3
15724,3
28584,3
22951,3
15178,3
16524,3
20317,3
12061,3
35212,3
17971,3
26633,3
12362,3
20262,3
31737,3
2781,3
11363,3
8055,3
351,3
3691,3
5120,3
17699,3
33661,3
12551,3
1559,3
27552,3
24223,3
22718,3
25188,3
9388,3
35822,3
24181,3
5545,3
30646,3
28245,3
6510,3
20403,3
9022,3
28879,3
34217,3
11338,3
20525,3
22800,3
8166,3
779,3
14707,3
24597,3
9182,3
19829,3
22575,3
32731,3
1564,3
1923,3
7485,3
18357,3
23831,3
4288,3
31886,3
25977,3
11665,3
26735,3
6576,3
15362,3
15463,3
16070,3
6627,3
11132,3
7218,3
31144,3
11045,3
1881,3
26904,3
9670,3
12514,3
24973,3
34142,3
20350,3
16966,3
19146,3
29945,3
31759,3
34791,3
18993,3
17322,3
34247,3
11962,3
3359,3
22196,3
15585,3
35780,3
5271,3
32209,3
35292,3
16157,3
1091,3
29926,3
23604,3
22981,3
19010,3
11933,3
16062,3
17983,3
1064,3
27306,3
35607,3
12051,3
3445,3
34606,3
26776,3
8173,3
4575,3
14903,3
35327,3
33519,3
25976,3
31936,3
25731,3
1910,3
22161,3
8379,3
21812,3
16549,3
16967,3
32669,3
28921,3
3376,3
16651,3
18706,3
35114,3
10849,3
10108,3
14933,3
26189,3
12394,3
18569,3
35070,3
9444,3
3183,3
11328,3
16313,3
18883,3
19913,3
458,3
25608,3
22069,3
8895,3
17197,3
9385,3
22506,3
17985,3
17530,3
24068,3
2548,3
17967,3
3869,3
27571,3
26773,3
9541,3
16068,3
12566,3
13885,3
20788,3
31853,3
35206,3
16544,3
10133,3
3189,3
10452,3
5812,3
6086,3
2394,3
8220,3
18575,3
13305,3
34033,3
5210,3
15940,3
28932,3
29775,3
27572,3
664,3
10634,3
30692,3
34488,3
132,3
20072,3
7491,3
8684,3
28150,3
15660,3
25607,3
11764,3
25537,3
7351,3
25371,3
26003,3
31092,3
30357,3
4155,3
722,3
16546,3
3665,3
26362,3
24725,3
31295,3
7357,3
14741,3
28433,3
32437,3
27465,3
6416,3
12114,3
9274,3
25557,3
5763,3
14056,3
27173,3
13498,3
27728,3
31827,3
4056,3
2297,3
10869,3
8824,3
3627,3
26425,3
382,3
7426,3
30010,3
7110,3
31453,3
19931,3
21266,3
19042,3
17273,3
28836,3
33742,3
7923,3
2298,3
4392,3
3622,3
25701,3
21234,3
31189,3
23366,3
21421,3
20067,3
14961,3
19702,3
1783,3
9677,3
948,3
12939,3
3880,3
35079,3
2312,3
1394,3
27955,3
13040,3
17395,3
9914,3
21429,3
10539,3
13632,3
22015,3
29096,3
33258,3
8292,3
18786,3
13926,3
16783,3
30861,3
14494,3
17457,3
31499,3
6072,3
27205,3
10486,3
9380,3
21328,3
23579,3
24499,3
19950,3
10629,3
12908,3
4336,3
790,3
26115,3
10027,3
16426,3
19678,3
22214,3
16069,3
29579,3
7519,3
32684,3
27844,3
14696,3
27231,3
8832,3
1705,3
19111,3
5327,3
17122,3
16854,3
21806,3
30228,3
23977,3
27440,3
35009,3
28786,3
32985,3
2160,3
20184,3
10117,3
23473,3
10720,3
4151,3
10705,3
4354,3
24404,3
14024,3
30704,3
16877,3
22089,3
22559,3
12579,3
20,3
21525,3
23625,3
2375,3
31620,3
16608,3
14486,3
13293,3
31717,3
29072,3
2966,3
9109,3
13665,3
14629,3
472,3
1370,3
33134,3
16412,3
7356,3
14278,3
10980,3
29855,3
21732,3
13851,3
2581,3
5729,3
13574,3
12670,3
20267,3
14977,3
5429,3
35168,3
14101,3
29717,3
34675,3
7641,3
14826,3
19827,3
34579,3
2215,3
35808,3
27531,3
18326,3
20314,3
23338,3
19841,3
1163,3
26051,3
16058,3
13157,3
20387,3
3790,3
28187,3
22428,3
34765,3
5927,3
3446,3
8962,3
2806,3
32720,3
30812,3
18067,3
20062,3
23816,3
24694,3
2657,3
4974,3
30394,3
27874,3
34570,3
34018,3
24382,3
15954,3
3791,3
11362,3
34057,3
34991,3
23931,3
8455,3
8331,3
4621,3
27612,3
10603,3
12517,3
13823,3
29049,3
30031,3
14242,3
21688,3
21076,3
357,3
6205,3
9296,3
25648,3
4036,3
915,3
500,3
30261,3
19604,3
32823,3
11880,3
1112,3
26225,3
27825,3
26796,3
5535,3
30187,3
17081,3
28263,3
18170,3
9772,3
30651,3
540,3
33833,3
10437,3
23832,3
4414,3
10238,3
6134,3
20559,3
33284,3
34295,3
24533,3
16055,3
11095,3
6794,3
33459,3
9014,3
34209,3
3456,3
7602,3
25692,3
10987,3
20844,3
14212,3
14823,3
6498,3
9821,3
7019,3
11254,3
32046,3
4519,3
28031,3
19907,3
30150,3
33062,3
30113,3
16244,3
12804,3
26256,3
2649,3
2257,3
17401,3
21121,3
19308,3
3455,3
10177,3
12261,3
27008,3
18260,3
12677,3
25174,3
27032,3
16169,3
11256,3
28527,3
24354,3
14023,3
14088,3
35096,3
26184,3
2131,3
22867,3
27412,3
32861,3
995,3
19476,3
16585,3
16740,3
33769,3
1884,3
16018,3
3519,3
16659,3
7119,3
15254,3
3126,3
34141,3
16289,3
18778,3
3228,3
19703,3
8404,3
11282,3
2869,3
13581,3
33996,3
22669,3
174,3
21272,3
30680,3
10081,3
1081,3
17152,3
3830,3
3399,3
8518,3
10233,3
24083,3
4226,3
20155,3
5170,3
19143,3
20558,3
11704,3
30708,3
17951,3
32328,3
31780,3
32448,3
35049,3
18721,3
14118,3
17638,3
29531,3
6353,3
35632,3
506,3
24684,3
8179,3
20541,3
35529,3
25677,3
34027,3
34275,3
19778,3
9376,3
18728,3
23355,3
29898,3
23383,3
583,3
28855,3
15258,3
14345,3
28485,3
20085,3
34125,3
17540,3
1285,3
34375,3
31820,3
20034,3
2176,3
7012,3
11046,3
18172,3
3210,3
12197,3
6384,3
22894,3
23391,3
9035,3
25222,3
11571,3
18375,3
35739,3
23618,3
9252,3
7948,3
17666,3
12100,3
10369,3
13820,3
21895,3
21972,3
18266,3
24294,3
20637,3
2584,3
35267,3
29723,3
20293,3
35829,3
15096,3
2035,3
25570,3
30123,3
25680,3
244,3
19009,3
20234,3
924,3
18992,3
35818,3
25532,3
8649,3
28399,3
25139,3
8525,3
24889,3
10761,3
29383,3
17760,3
21993,3
35447,3
68,3
16931,3
8872,3
26775,3
938,3
25226,3
27256,3
3458,3
15528,3
17913,3
10477,3
34060,3
33502,3
16105,3
34796,3
23944,3
24574,3
32038,3
1494,3
8823,3
21723,3
34069,3
11039,3
31054,3
30002,3
5527,3
22965,3
18053,3
30753,3
12591,3
4784,3
18549,3
13690,3
8130,3
10156,3
12961,3
9761,3
7418,3
13717,3
26106,3
145,3
10906,3
13184,3
33689,3
26198,3
18828,3
3075,3
1676,3
679,3
8408,3
10651,3
30352,3
11447,3
25123,3
1762,3
31018,3
34514,3
32407,3
28558,3
6464,3
22502,3
19190,3
7070,3
79,3
26463,3
30932,3
10846,3
5730,3
29659,3
16886,3
12068,3
25454,3
35273,3
3180,3
31158,3
696,3
21871,3
297,3
4993,3
31210,3
25775,3
34012,3
20813,3
9398,3
3309,3
1164,3
27138,3
26050,3
32869,3
22926,3
32707,3
20749,3
5636,3
27519,3
34739,3
7440,3
23208,3
12099,3
7092,3
19373,3
13,3
18218,3
4172,3
11127,3
5521,3
6734,3
32750,3
24528,3
33556,3
28608,3
25793,3
31482,3
21101,3
30064,3
11873,3
35626,3
699,3
385,3
29376,3
6844,3
5014,3
4068,3
20839,3
8579,3
15066,3
3493,3
28491,3
27057,3
14019,3
621,3
22032,3
24372,3
10503,3
5648,3
17308,3
33192,3
19998,3
15253,3
18022,3
13139,3
10132,3
5055,3
25851,3
17339,3
12247,3
1359,3
34550,3
13415,3
11059,3
34902,3
34166,3
31340,3
17573,3
19964,3
23014,3
3901,3
24786,3
4327,3
18352,3
8658,3
8184,3
4895,3
7027,3
11024,3
15243,3
3902,3
11210,3
6501,3
35063,3
3153,3
31322,3
23981,3
6520,3
20296,3
541,3
33684,3
32410,3
5354,3
20392,3
31424,3
8711,3
27691,3
15806,3
35460,3
31367,3
5670,3
32317,3
21920,3
35644,3
23380,3
32322,3
29141,3
4357,3
21910,3
19056,3
16415,3
12690,3
10723,3
32111,3
34219,3
17676,3
28459,3
24416,3
19695,3
11124,3
13028,3
34071,3
10203,3
35375,3
33281,3
23205,3
11458,3
33580,3
6415,3
3683,3
18494,3
24832,3
19129,3
2939,3
23595,3
34469,3
19288,3
8820,3
28241,3
27113,3
15642,3
30061,3
27936,3
5725,3
3780,3
22884,3
5702,3
26288,3
16356,3
18478,3
12379,3
10823,3
3065,3
24167,3
18379,3
3080,3
8420,3
17709,3
28266,3
16844,3
5141,3
5434,3
33997,3
23810,3
18121,3
19874,3
2189,3
13174,3
20581,3
21981,3
20116,3
22085,3
5077,3
27469,3
29793,3
1612,3
23028,3
4653,3
9150,3
6157,3
26784,3
16723,3
16422,3
17077,3
5415,3
34895,3
15447,3
20156,3
3340,3
30819,3
8653,3
25613,3
13518,3
17439,3
31095,3
18194,3
2102,3
14305,3
26855,3
1252,3
29677,3
26684,3
14378,3
29135,3
3890,3
35557,3
11115,3
11657,3
14809,3
5704,3
13866,3
26043,3
26471,3
31952,3
8667,3
15123,3
15411,3
22692,3
5492,3
5649,3
15662,3
187,3
1993,3
7823,3
1799,3
21610,3
35649,3
17072,3
33509,3
18214,3
6237,3
9250,3
15595,3
14540,3
34738,3
8830,3
12225,3
3709,3
22206,3
8633,3
32324,3
28993,3
12638,3
17619,3
2517,3
34439,3
33237,3
6635,3
19957,3
23362,3
8492,3
19684,3
9800,3
18477,3
21015,3
14282,3
7510,3
8845,3
25549,3
2468,3
23779,3
21316,3
25946,3
13144,3
20487,3
4325,3
27378,3
3861,3
21175,3
1855,3
31320,3
10345,3
9411,3
13294,3
25491,3
29617,3
14941,3
24315,3
17445,3
31188,3
6729,3
21676,3
33329,3
27053,3
24386,3
25110,3
16693,3
23233,3
14471,3
22263,3
2333,3
15294,3
3599,3
10396,3
15690,3
129,3
27383,3
17303,3
30782,3
35766,3
15154,3
25342,3
9697,3
10251,3
34826,3
27639,3
30594,3
3968,3
28544,3
4791,3
30533,3
17860,3
35723,3
35855,3
3590,3
35374,3
31856,3
33094,3
14703,3
16390,3
30344,3
6992,3
16909,3
8597,3
35706,3
10513,3
28611,3
2759,3
22273,3
20594,3
34980,3
12840,3
26783,3
5593,3
22714,3
1201,3
28389,3
21372,3
25829,3
12798,3
16283,3
6050,3
11165,3
18672,3
27766,3
15467,3
16189,3
11997,3
17313,3
22705,3
25505,3
34671,3
2938,3
10243,3
3558,3
2282,3
477,3
1802,3
27107,3
34463,3
8444,3
19592,3
17832,3
32839,3
1955,3
26156,3
24842,3
25310,3
21955,3
22622,3
7329,3
3603,3
15787,3
5369,3
21546,3
24838,3
35493,3
21965,3
9777,3
29637,3
12147,3
21491,3
35628,3
13055,3
12583,3
1953,3
13279,3
21493,3
6581,3
28267,3
25354,3
2381,3
22879,3
34061,3
31374,3
16962,3
6182,3
19045,3
12481,3
4500,3
30128,3
7045,3
26925,3
35519,3
18562,3
10086,3
6892,3
33178,3
19995,3
12472,3
35578,3
3024,3
30412,3
14414,3
19724,3
22507,3
25397,3
15268,3
2186,3
31550,3
33004,3
27484,3
27372,3
13550,3
28122,3
11900,3
13257,3
28696,3
24719,3
27141,3
16973,3
28737,3
24347,3
25518,3
10192,3
1957,3
7779,3
2614,3
2948,3
15577,3
32848,3
3297,3
5843,3
8160,3
34319,3
27878,3
2346,3
31900,3
28447,3
6372,3
27415,3
26214,3
13809,3
25488,3
15677,3
23114,3
26297,3
17100,3
6616,3
15900,3
22317,3
14780,3
23305,3
30353,3
19873,3
13286,3
18224,3
1936,3
7816,3
8509,3
18807,3
6143,3
34003,3
16582,3
6235,3
18265,3
32497,3
28496,3
20531,3
23760,3
20833,3
33979,3
12649,3
19994,3
7503,3
28435,3
35473,3
28291,3
22466,3
306,3
29016,3
22057,3
10201,3
25405,3
28085,3
11941,3
17361,3
7040,3
15089,3
16340,3
853,3
32212,3
28665,3
18821,3
26086,3
32367,3
19220,3
72,3
22092,3
10774,3
18303,3
135,3
3566,3
35018,3
33744,3
13063,3
29938,3
20145,3
13852,3
32466,3
13733,3
11368,3
35518,3
21125,3
23674,3
31551,3
26199,3
13763,3
13905,3
25813,3
35228,3
12571,3
22984,3
30612,3
8517,3
4268,3
26369,3
2848,3
18652,3
8834,3
27645,3
27778,3
7409,3
7727,3
17282,3
23145,3
6080,3
11832,3
28927,3
14582,3
17385,3
14843,3
16526,3
28956,3
34363,3
4375,3
2170,3
4878,3
17423,3
6379,3
9086,3
21795,3
23313,3
12948,3
35455,3
8504,3
27803,3
27949,3
20278,3
2904,3
20458,3
26527,3
6929,3
17729,3
25088,3
15162,3
6811,3
327,3
6345,3
3579,3
31373,3
25023,3
14926,3
3887,3
1179,3
34815,3
33441,3
30624,3
2090,3
33019,3
16913,3
16622,3
1987,3
3407,3
31232,3
30922,3
7389,3
753,3
23606,3
35270,3
19418,3
5105,3
32859,3
7746,3
14085,3
34997,3
32298,3
26989,3
24205,3
6664,3
3551,3
19041,3
7008,3
29743,3
21251,3
18097,3
5748,3
26656,3
32933,3
32205,3
10157,3
24312,3
30848,3
16914,3
20573,3
30418,3
25635,3
22113,3
30629,3
6620,3
32480,3
29829,3
3916,3
16558,3
1606,3
15799,3
10180,3
13226,3
6066,3
21801,3
27318,3
6910,3
22386,3
17902,3
35531,3
16230,3
9419,3
31126,3
13076,3
25408,3
1818,3
6390,3
4695,3
32696,3
17130,3
6857,3
1169,3
15599,3
35061,3
17874,3
29037,3
9826,3
35677,3
10571,3
23995,3
29858,3
6002,3
24582,3
35553,3
15392,3
13078,3
14384,3
16959,3
668,3
5137,3
17756,3
12303,3
27802,3
24785,3
34025,3
24932,3
31543,3
5891,3
278,3
25582,3
14080,3
7825,3
3877,3
21281,3
1767,3
676,3
11627,3
30338,3
28420,3
27834,3
2756,3
24890,3
2976,3
25664,3
14551,3
13511,3
16334,3
16662,3
29535,3
15044,3
9508,3
5424,3
13793,3
11959,3
19972,3
18950,3
3609,3
12168,3
19779,3
16540,3
24904,3
34048,3
26384,3
7245,3
14865,3
17620,3
6262,3
7677,3
10270,3
19270,3
33430,3
17923,3
2658,3
30687,3
29430,3
18422,3
9804,3
6812,3
22401,3
25797,3
22160,3
35421,3
1243,3
2829,3
10923,3
22315,3
26001,3
18930,3
30388,3
21947,3
21012,3
6155,3
4378,3
27914,3
25561,3
19893,3
7016,3
15908,3
30326,3
3246,3
30509,3
15320,3
13969,3
4884,3
12483,3
26350,3
31725,3
24216,3
32914,3
27016,3
401,3
32241,3
30908,3
14050,3
31585,3
10611,3
1519,3
5731,3
3657,3
9143,3
7275,3
34515,3
26953,3
29697,3
21061,3
5906,3
2475,3
32739,3
4939,3
32653,3
17603,3
33159,3
10752,3
14017,3
15838,3
8973,3
1373,3
32424,3
34857,3
9375,3
14779,3
17441,3
32177,3
19024,3
12130,3
3194,3
35386,3
26846,3
22933,3
1854,3
22112,3
13261,3
11562,3
26348,3
519,3
27991,3
30054,3
30383,3
2910,3
22715,3
12848,3
11925,3
21308,3
1084,3
27707,3
32112,3
16207,3
8647,3
12148,3
7423,3
13896,3
8291,3
18292,3
24212,3
12412,3
623,3
31464,3
18651,3
5666,3
904,3
28490,3
10359,3
27156,3
18903,3
26267,3
10022,3
7288,3
12973,3
5191,3
11088,3
34870,3
24207,3
23968,3
34188,3
31529,3
24057,3
1214,3
11283,3
29805,3
25417,3
17060,3
868,3
25708,3
24741,3
30079,3
25252,3
28489,3
27793,3
22911,3
7023,3
29298,3
6517,3
6355,3
18196,3
7439,3
12597,3
28277,3
30865,3
24281,3
5058,3
14508,3
15706,3
17907,3
12619,3
17086,3
32762,3
20670,3
18440,3
462,3
7060,3
19698,3
32036,3
27735,3
25272,3
1858,3
23612,3
17469,3
2735,3
29479,3
27861,3
22380,3
17334,3
18744,3
20565,3
14472,3
20690,3
31590,3
17254,3
28585,3
27840,3
30975,3
29284,3
33929,3
4531,3
2185,3
5525,3
17057,3
11715,3
15780,3
25605,3
5692,3
3136,3
17761,3
32113,3
5284,3
33022,3
35483,3
26228,3
1795,3
20229,3
21293,3
18399,3
10830,3
31238,3
1231,3
18700,3
4231,3
30461,3
35297,3
24790,3
11917,3
23725,3
7632,3
25248,3
24286,3
19137,3
33497,3
22870,3
14354,3
34180,3
34361,3
26600,3
17733,3
26791,3
1562,3
31564,3
24127,3
35298,3
4492,3
20956,3
27212,3
17713,3
24295,3
26247,3
1983,3
25016,3
26950,3
26733,3
30009,3
34878,3
6288,3
8277,3
34640,3
21619,3
35752,3
23897,3
9928,3
6227,3
9531,3
33006,3
5899,3
876,3
20985,3
875,3
12195,3
12623,3
24500,3
33230,3
15443,3
26688,3
28619,3
16583,3
23401,3
30149,3
8974,3
12409,3
32763,3
9877,3
5750,3
13556,3
21621,3
15114,3
22381,3
2540,3
17375,3
31116,3
34564,3
5836,3
9572,3
13134,3
5155,3
23961,3
8880,3
19281,3
11666,3
28401,3
9759,3
735,3
32640,3
33195,3
11048,3
29477,3
16158,3
6295,3
23054,3
17723,3
35783,3
18869,3
2132,3
11628,3
7929,3
22143,3
30137,3
15527,3
9374,3
8841,3
21007,3
5266,3
24477,3
9983,3
34631,3
35595,3
17192,3
1819,3
27820,3
3667,3
28105,3
23298,3
28391,3
34397,3
752,3
23719,3
8555,3
29956,3
29483,3
6097,3
28200,3
18380,3
3034,3
27975,3
26284,3
29518,3
31542,3
628,3
7330,3
30485,3
6199,3
18863,3
25381,3
31511,3
6373,3
16028,3
20244,3
6357,3
13695,3
13417,3
18147,3
21450,3
13539,3
24290,3
7347,3
19677,3
5226,3
31065,3
27168,3
22979,3
9888,3
27178,3
8588,3
27620,3
2208,3
26462,3
32639,3
3989,3
11016,3
18428,3
31761,3
24991,3
4184,3
18312,3
25361,3
4619,3
10596,3
12426,3
19716,3
27003,3
20574,3
9190,3
35186,3
24373,3
25131,3
1671,3
15669,3
11102,3
28788,3
20678,3
10863,3
6299,3
16054,3
34261,3
21496,3
6727,3
5449,3
3128,3
11633,3
22105,3
7683,3
28853,3
23413,3
14842,3
6607,3
23514,3
33730,3
28443,3
22067,3
17919,3
19517,3
16759,3
35346,3
9110,3
7264,3
20592,3
11169,3
24764,3
23347,3
20478,3
7142,3
22216,3
27679,3
7422,3
10154,3
9480,3
19767,3
11707,3
10544,3
30786,3
33210,3
10209,3
11635,3
19289,3
31166,3
31523,3
365,3
22412,3
19797,3
6671,3
15732,3
10268,3
11071,3
10875,3
1827,3
5287,3
14835,3
18531,3
17407,3
30745,3
14697,3
11080,3
34190,3
27561,3
11505,3
17052,3
20022,3
27049,3
5086,3
17946,3
9814,3
6484,3
9479,3
1525,3
8560,3
21679,3
11468,3
19847,3
16986,3
23646,3
28320,3
12495,3
14657,3
15623,3
9146,3
31983,3
1511,3
16024,3
32335,3
32529,3
29300,3
15296,3
29958,3
20651,3
3213,3
19310,3
19890,3
24527,3
15951,3
31231,3
16990,3
29411,3
20990,3
30595,3
16162,3
6599,3
21273,3
22721,3
4194,3
32535,3
26873,3
18238,3
26801,3
5579,3
5757,3
10786,3
25963,3
13412,3
26177,3
20514,3
15637,3
24782,3
7240,3
80,3
25283,3
15588,3
30428,3
10649,3
28909,3
6240,3
12768,3
8302,3
6327,3
31821,3
8873,3
32926,3
7762,3
30592,3
4171,3
16636,3
29081,3
10920,3
7197,3
24430,3
28954,3
1946,3
3009,3
23553,3
35784,3
29348,3
27788,3
12396,3
21227,3
8020,3
14939,3
21736,3
35311,3
11374,3
13343,3
8794,3
15276,3
25542,3
11821,3
9773,3
12083,3
34109,3
27681,3
962,3
21223,3
11613,3
3673,3
4428,3
20679,3
29192,3
34376,3
23608,3
18034,3
22475,3
3215,3
23585,3
26967,3
26331,3
23078,3
12025,3
8279,3
30077,3
34122,3
30493,3
2222,3
31833,3
6659,3
9334,3
24025,3
535,3
25848,3
28204,3
8458,3
33166,3
1240,3
25755,3
22289,3
10016,3
25639,3
33032,3
14220,3
23426,3
31069,3
6754,3
23730,3
10247,3
789,3
15448,3
27132,3
19453,3
27550,3
15319,3
33733,3
24765,3
27351,3
16354,3
6885,3
16310,3
13696,3
20841,3
19759,3
12813,3
25330,3
3242,3
30381,3
21683,3
12093,3
3247,3
2565,3
18435,3
28156,3
5207,3
15277,3
15280,3
5108,3
13562,3
3288,3
27846,3
29146,3
2077,3
31990,3
28832,3
18487,3
7662,3
831,3
28669,3
21238,3
33444,3
6053,3
22711,3
3718,3
17738,3
30446,3
16539,3
12575,3
31456,3
4753,3
4012,3
12026,3
4658,3
4806,3
12480,3
34040,3
7263,3
16021,3
6073,3
14210,3
15634,3
25818,3
27711,3
4161,3
33115,3
23252,3
35805,3
5050,3
8842,3
8256,3
2708,3
25718,3
28847,3
30788,3
6558,3
30634,3
9597,3
2506,3
15543,3
7042,3
22987,3
10025,3
20218,3
15145,3
11239,3
24953,3
27863,3
34107,3
5020,3
27636,3
21697,3
12550,3
30005,3
2325,3
3720,3
17688,3
32353,3
16059,3
35351,3
15580,3
22411,3
35676,3
31029,3
34441,3
23340,3
6479,3
7728,3
10718,3
518,3
24010,3
33697,3
14755,3
9131,3
6952,3
26526,3
5294,3
12,3
7468,3
20542,3
16559,3
8893,3
402,3
20918,3
6048,3
20853,3
33603,3
35572,3
35366,3
8311,3
24608,3
13856,3
8833,3
21497,3
20477,3
14079,3
25181,3
10655,3
6293,3
30068,3
32436,3
23139,3
14342,3
15526,3
12036,3
29852,3
24316,3
25705,3
15030,3
17327,3
15702,3
34279,3
10351,3
19690,3
26924,3
15652,3
16442,3
35574,3
14199,3
30340,3
18683,3
29638,3
12419,3
14001,3
4756,3
1992,3
13946,3
33349,3
24776,3
6676,3
19787,3
35300,3
22556,3
8557,3
20553,3
24131,3
23081,3
17417,3
34620,3
22296,3
34872,3
3261,3
3932,3
28813,3
23462,3
8015,3
12604,3
15115,3
19599,3
13673,3
718,3
5414,3
13455,3
6236,3
8997,3
33067,3
14832,3
18248,3
21045,3
12771,3
3835,3
18069,3
34712,3
29726,3
29033,3
428,3
32446,3
8886,3
7106,3
11484,3
29813,3
11868,3
16051,3
21547,3
6959,3
1707,3
8746,3
2786,3
19317,3
26664,3
4008,3
18028,3
7255,3
24277,3
13219,3
26496,3
24678,3
16760,3
617,3
15434,3
32703,3
8770,3
34544,3
15698,3
24125,3
21630,3
8882,3
27457,3
2169,3
12057,3
14934,3
21543,3
4446,3
15816,3
28710,3
9319,3
11642,3
35397,3
5292,3
14476,3
34585,3
18687,3
12681,3
32860,3
16992,3
11402,3
30827,3
30143,3
6035,3
20847,3
25056,3
26054,3
20746,3
2391,3
10839,3
6429,3
13604,3
25287,3
29757,3
685,3
1959,3
23153,3
4499,3
28039,3
22221,3
4382,3
20108,3
25602,3
33297,3
25704,3
13796,3
23137,3
450,3
105,3
22262,3
18403,3
23232,3
6742,3
31972,3
8835,3
3296,3
6490,3
13108,3
5091,3
35559,3
17995,3
20302,3
13656,3
12035,3
30946,3
29773,3
22617,3
30625,3
9544,3
11596,3
9849,3
9152,3
16385,3
3416,3
11176,3
35002,3
10339,3
34264,3
2378,3
3633,3
1970,3
32927,3
30615,3
26691,3
32420,3
15839,3
25910,3
10725,3
19558,3
33517,3
12993,3
21202,3
2136,3
10277,3
32958,3
25901,3
25973,3
34465,3
7996,3
32260,3
24633,3
3257,3
33897,3
15330,3
20814,3
26366,3
20536,3
2507,3
33138,3
29413,3
30266,3
18619,3
898,3
2235,3
4098,3
31096,3
28475,3
13618,3
30000,3
16284,3
19539,3
5549,3
17950,3
9685,3
33527,3
18492,3
35668,3
19305,3
123,3
31560,3
12444,3
17242,3
10788,3
25961,3
7685,3
22625,3
25800,3
34168,3
2261,3
755,3
10173,3
2195,3
13303,3
31142,3
26324,3
21776,3
9692,3
28649,3
5779,3
5402,3
5154,3
33646,3
25200,3
32583,3
30627,3
9664,3
7188,3
10633,3
19396,3
6775,3
14927,3
14162,3
4559,3
1745,3
4692,3
33804,3
33229,3
13357,3
28090,3
13214,3
8085,3
32648,3
7273,3
17818,3
20292,3
16569,3
6346,3
4153,3
4941,3
35026,3
16321,3
3693,3
5404,3
18002,3
8655,3
22789,3
8402,3
6166,3
23403,3
9383,3
23855,3
18806,3
24891,3
18036,3
27602,3
32894,3
13224,3
2442,3
21209,3
15747,3
32747,3
3959,3
30777,3
1788,3
13043,3
18769,3
34650,3
413,3
21289,3
7222,3
7234,3
13721,3
32946,3
26002,3
33960,3
12350,3
30499,3
5214,3
33627,3
3756,3
9714,3
14700,3
35029,3
10442,3
29732,3
33489,3
29696,3
121,3
18019,3
8189,3
3439,3
23478,3
24587,3
27520,3
35247,3
2435,3
30349,3
4234,3
23469,3
29043,3
22026,3
33148,3
9749,3
27981,3
26536,3
13867,3
34546,3
9103,3
16778,3
14061,3
5691,3
1941,3
8959,3
34413,3
8150,3
16000,3
4814,3
26407,3
24448,3
8790,3
15235,3
14087,3
7297,3
17678,3
30119,3
26662,3
33713,3
30210,3
284,3
20222,3
13002,3
29741,3
30674,3
28274,3
23772,3
21560,3
34517,3
11148,3
33412,3
1389,3
2631,3
35271,3
1749,3
9610,3
2758,3
33358,3
25418,3
8039,3
4842,3
18690,3
14922,3
30746,3
1626,3
8225,3
19530,3
27634,3
12988,3
18650,3
18431,3
33070,3
14690,3
34186,3
13945,3
32400,3
27358,3
33694,3
17106,3
13667,3
1603,3
2809,3
33469,3
7961,3
18912,3
12452,3
31345,3
24928,3
2751,3
20986,3
2193,3
21504,3
31307,3
30682,3
5885,3
32937,3
4696,3
15364,3
4852,3
22517,3
4251,3
17893,3
12323,3
6566,3
10766,3
15802,3
35658,3
11722,3
24987,3
4550,3
21794,3
6871,3
31909,3
20543,3
13664,3
15673,3
8483,3
35260,3
29596,3
29362,3
22902,3
26877,3
10693,3
33512,3
14733,3
17800,3
33372,3
6810,3
11617,3
29125,3
30837,3
4429,3
837,3
17510,3
24938,3
19887,3
33475,3
33752,3
14930,3
14075,3
3747,3
25378,3
3232,3
35720,3
9990,3
13443,3
9753,3
34629,3
21701,3
11244,3
24799,3
11150,3
24959,3
3277,3
28602,3
33236,3
21086,3
4207,3
14615,3
23491,3
11693,3
9799,3
18148,3
33330,3
31132,3
27429,3
19643,3
27472,3
13205,3
7888,3
29812,3
9524,3
737,3
8462,3
22139,3
27675,3
12427,3
33165,3
16666,3
4940,3
34723,3
29516,3
13376,3
19117,3
5383,3
35347,3
25389,3
10003,3
7924,3
4478,3
22127,3
3005,3
6258,3
10100,3
21932,3
32453,3
21840,3
12739,3
13551,3
22370,3
27489,3
11274,3
16482,3
9254,3
21949,3
13349,3
7831,3
16887,3
22123,3
2267,3
33487,3
5541,3
12468,3
24591,3
28571,3
34438,3
15024,3
9801,3
23784,3
16263,3
3083,3
8278,3
24824,3
5783,3
6311,3
17559,3
5045,3
32012,3
28311,3
1962,3
8358,3
6935,3
28073,3
11594,3
27990,3
3448,3
27204,3
2124,3
8975,3
965,3
5847,3
32721,3
21758,3
13122,3
32911,3
28298,3
27271,3
5301,3
18908,3
3831,3
3659,3
26121,3
16639,3
11391,3
26793,3
9478,3
8287,3
27782,3
29872,3
6603,3
35398,3
21791,3
2302,3
15771,3
35875,3
13011,3
22152,3
17330,3
24714,3
19723,3
29460,3
31211,3
4213,3
27254,3
4639,3
980,3
26916,3
35814,3
22649,3
17626,3
25646,3
6292,3
7700,3
14766,3
21976,3
30039,3
8528,3
15139,3
27720,3
6521,3
31194,3
140,3
24693,3
3621,3
32258,3
27335,3
21315,3
7967,3
27765,3
11199,3
30318,3
12569,3
21516,3
14746,3
15079,3
20142,3
18138,3
18975,3
11093,3
18061,3
1969,3
27703,3
294,3
662,3
35255,3
30750,3
35451,3
23975,3
30263,3
12715,3
258,3
31635,3
35515,3
26760,3
32296,3
6385,3
29539,3
30121,3
32856,3
3186,3
22852,3
26500,3
6993,3
10458,3
13202,3
23262,3
20456,3
5263,3
29293,3
35073,3
33969,3
33222,3
14365,3
34886,3
256,3
29306,3
26795,3
21177,3
20263,3
17513,3
22145,3
22185,3
9013,3
22118,3
10838,3
30258,3
18442,3
7593,3
12422,3
14888,3
20486,3
10512,3
33161,3
15639,3
17177,3
9018,3
25311,3
28084,3
15207,3
25711,3
12440,3
28349,3
10429,3
9485,3
9861,3
9630,3
9112,3
3952,3
32002,3
30772,3
954,3
13959,3
35655,3
22164,3
28928,3
35389,3
23675,3
6009,3
35128,3
13847,3
6698,3
25734,3
15298,3
13727,3
11008,3
15926,3
30638,3
10894,3
20635,3
20911,3
21416,3
25137,3
20200,3
26323,3
9880,3
204,3
33819,3
27685,3
13066,3
3945,3
21113,3
12940,3
28593,3
30664,3
19173,3
33130,3
1371,3
8205,3
25834,3
6090,3
23721,3
2744,3
31199,3
21540,3
29020,3
13923,3
34249,3
16205,3
27890,3
23983,3
434,3
26533,3
14515,3
11548,3
3047,3
34250,3
20450,3
2704,3
26917,3
6001,3
18070,3
27744,3
23803,3
4937,3
31584,3
24996,3
24670,3
1883,3
14721,3
28027,3
27613,3
10362,3
31924,3
23864,3
6426,3
7355,3
6354,3
33880,3
31172,3
14519,3
33089,3
25149,3
22168,3
16595,3
24820,3
13912,3
20153,3
7112,3
19968,3
5623,3
31481,3
16737,3
21028,3
34400,3
14000,3
24554,3
332,3
29106,3
34304,3
3145,3
25495,3
7815,3
8955,3
25898,3
31698,3
9652,3
27869,3
20668,3
3351,3
32793,3
34212,3
30015,3
17259,3
6790,3
13998,3
12895,3
28650,3
20546,3
28424,3
23755,3
23251,3
4570,3
34342,3
19294,3
4991,3
29273,3
4042,3
8786,3
20828,3
24029,3
1602,3
34978,3
4308,3
13039,3
5456,3
22670,3
17315,3
31575,3
18211,3
21341,3
25041,3
24810,3
28467,3
23682,3
35581,3
27219,3
25394,3
29746,3
2415,3
33505,3
32975,3
3466,3
1661,3
8930,3
15156,3
20992,3
13348,3
4365,3
30457,3
33294,3
35724,3
18493,3
17187,3
29446,3
16933,3
8756,3
31180,3
20860,3
1162,3
26557,3
7592,3
29215,3
28061,3
1492,3
22283,3
3872,3
7146,3
21903,3
28612,3
21767,3
14818,3
7376,3
23206,3
29504,3
32213,3
163,3
6342,3
34445,3
17368,3
8881,3
16434,3
865,3
122,3
35869,3
9079,3
22956,3
7149,3
7415,3
26021,3
34583,3
542,3
27677,3
20093,3
29180,3
22275,3
24198,3
24371,3
6564,3
6646,3
20899,3
19665,3
8110,3
16075,3
13692,3
33723,3
10773,3
15837,3
26145,3
7936,3
16642,3
4648,3
26048,3
13725,3
34311,3
10140,3
19090,3
13813,3
32211,3
13949,3
28148,3
8831,3
24072,3
16717,3
2797,3
6528,3
13441,3
27419,3
28511,3
25317,3
10026,3
26497,3
5936,3
26237,3
20008,3
7145,3
26837,3
20199,3
7860,3
7804,3
13315,3
228,3
17027,3
23919,3
9337,3
30020,3
10148,3
31047,3
3085,3
29423,3
9766,3
22755,3
26470,3
4125,3
6389,3
30847,3
9940,3
30486,3
23222,3
7465,3
35189,3
28016,3
16083,3
2827,3
35120,3
9046,3
28033,3
34581,3
35839,3
25908,3
21486,3
30260,3
32130,3
2734,3
11863,3
22048,3
8987,3
13636,3
24365,3
28141,3
30267,3
3713,3
15798,3
18757,3
32462,3
27920,3
29672,3
27313,3
30415,3
13141,3
303,3
6518,3
2980,3
13528,3
33075,3
24078,3
7213,3
24617,3
4586,3
33961,3
24431,3
25124,3
31806,3
27591,3
24004,3
5158,3
26807,3
34792,3
19287,3
21974,3
19441,3
31671,3
30570,3
31554,3
28570,3
15751,3
11886,3
30689,3
26778,3
5605,3
10815,3
1777,3
19197,3
21836,3
2798,3
32489,3
31161,3
34407,3
34904,3
7007,3
12644,3
23903,3
4733,3
8147,3
25444,3
14443,3
895,3
32088,3
3063,3
27767,3
7909,3
23352,3
27063,3
19051,3
25716,3
12371,3
34448,3
13188,3
30110,3
23641,3
5839,3
33000,3
33106,3
14377,3
27130,3
21849,3
629,3
18664,3
24852,3
17387,3
15750,3
12909,3
33878,3
18603,3
17972,3
15679,3
8304,3
17683,3
12387,3
29339,3
33774,3
8076,3
32657,3
31131,3
28983,3
5665,3
25241,3
32,3
35729,3
17769,3
7886,3
1640,3
15287,3
34672,3
11583,3
22667,3
24717,3
9517,3
14094,3
28900,3
12547,3
26895,3
8064,3
13116,3
23057,3
27094,3
23196,3
5042,3
4965,3
6431,3
28092,3
32972,3
2996,3
17571,3
568,3
14035,3
28116,3
23738,3
25419,3
22163,3
20909,3
12730,3
10691,3
34969,3
19323,3
30643,3
34572,3
32759,3
34052,3
10644,3
31777,3
3606,3
35117,3
9902,3
16607,3
11381,3
3533,3
14228,3
28870,3
12167,3
33653,3
35762,3
28569,3
1510,3
33118,3
27967,3
8729,3
10213,3
7251,3
3776,3
12978,3
31996,3
4417,3
18277,3
4787,3
20040,3
23800,3
10029,3
18924,3
14561,3
28955,3
16944,3
17773,3
24247,3
27391,3
8141,3
9665,3
5554,3
11203,3
1181,3
9859,3
23923,3
9816,3
2018,3
27077,3
3844,3
11730,3
1988,3
16911,3
13589,3
11011,3
555,3
19770,3
9441,3
31032,3
13938,3
28136,3
2582,3
7191,3
355,3
8916,3
20332,3
3036,3
12787,3
30156,3
35356,3
31273,3
3291,3
6643,3
25356,3
35232,3
27674,3
32575,3
27492,3
31803,3
17363,3
2289,3
18354,3
33324,3
5539,3
4317,3
9872,3
19404,3
28365,3
14326,3
24012,3
30297,3
18678,3
9467,3
2697,3
955,3
22788,3
29418,3
15033,3
21492,3
33595,3
16516,3
7797,3
27547,3
24651,3
3312,3
21141,3
17752,3
24219,3
29503,3
26408,3
26650,3
7220,3
23040,3
13390,3
30490,3
9118,3
31223,3
32161,3
18163,3
2570,3
23481,3
8062,3
11386,3
339,3
13182,3
21577,3
4877,3
27198,3
26535,3
1729,3
11616,3
34302,3
33690,3
2254,3
16776,3
4553,3
17750,3
34479,3
10044,3
3191,3
10239,3
7790,3
21511,3
11621,3
13971,3
4758,3
31546,3
28429,3
9039,3
16131,3
12435,3
32192,3
23979,3
35648,3
15083,3
3406,3
17969,3
34008,3
7104,3
16176,3
10905,3
5411,3
12561,3
15645,3
31556,3
18158,3
7164,3
18376,3
22134,3
27161,3
11085,3
13241,3
25359,3
34654,3
26584,3
976,3
14652,3
30947,3
4350,3
15633,3
29484,3
5352,3
371,3
34010,3
24883,3
3377,3
35226,3
6991,3
9289,3
22690,3
35198,3
1711,3
3391,3
5917,3
2229,3
30155,3
14680,3
29175,3
35512,3
8467,3
35746,3
7579,3
14140,3
29452,3
1801,3
20409,3
8515,3
32058,3
27240,3
1836,3
29093,3
13849,3
24124,3
35685,3
15518,3
2489,3
13100,3
33400,3
31621,3
19825,3
33978,3
2749,3
27569,3
28161,3
33276,3
16952,3
34715,3
33462,3
3871,3
22246,3
20318,3
30206,3
7597,3
35132,3
1360,3
24417,3
16921,3
27541,3
28217,3
28506,3
17543,3
14875,3
18447,3
26617,3
19727,3
8122,3
9009,3
17431,3
901,3
34308,3
11310,3
1949,3
9891,3
30414,3
11802,3
2632,3
24756,3
23673,3
4319,3
34255,3
1232,3
2168,3
34405,3
27932,3
27253,3
28072,3
18825,3
7314,3
32389,3
11384,3
3605,3
20369,3
20544,3
27443,3
15325,3
18614,3
12138,3
24985,3
912,3
19095,3
26686,3
2690,3
1244,3
5674,3
25235,3
21384,3
24302,3
12194,3
12817,3
35484,3
19240,3
2063,3
14524,3
19370,3
35125,3
4381,3
22194,3
17936,3
33007,3
27805,3
32350,3
21488,3
15532,3
27910,3
27110,3
17486,3
23115,3
26304,3
6876,3
20257,3
31811,3
27376,3
34908,3
8811,3
6269,3
24486,3
17505,3
8234,3
34030,3
2085,3
19313,3
14571,3
17793,3
28091,3
8201,3
4702,3
2492,3
22463,3
14430,3
1733,3
33343,3
2728,3
15113,3
3807,3
31198,3
32745,3
4732,3
9279,3
4673,3
25473,3
34314,3
4273,3
25609,3
2618,3
30341,3
16471,3
643,3
27815,3
24334,3
4391,3
32351,3
22614,3
10395,3
9442,3
8343,3
8766,3
34947,3
27023,3
4856,3
1434,3
31017,3
5586,3
2409,3
29077,3
11470,3
2064,3
17834,3
26608,3
22281,3
27974,3
3049,3
34586,3
15644,3
13749,3
30530,3
9972,3
22440,3
23567,3
14152,3
15502,3
8514,3
11366,3
203,3
7852,3
26609,3
11932,3
23453,3
26132,3
25929,3
23663,3
6556,3
5686,3
15232,3
11797,3
8782,3
29005,3
13281,3
31537,3
21737,3
11223,3
23259,3
4688,3
27502,3
24128,3
35834,3
20416,3
10469,3
6457,3
31894,3
4891,3
12268,3
15350,3
31716,3
32044,3
11677,3
33341,3
16995,3
14292,3
1739,3
14396,3
4796,3
7534,3
33803,3
13207,3
30982,3
2733,3
12567,3
30048,3
28647,3
20527,3
30174,3
22529,3
29311,3
15603,3
15549,3
33226,3
28863,3
34691,3
22436,3
14646,3
5643,3
18327,3
29241,3
2562,3
7088,3
30421,3
16234,3
23643,3
9765,3
13622,3
14604,3
19417,3
2192,3
14465,3
3777,3
10555,3
13710,3
33041,3
10290,3
26219,3
1778,3
27642,3
26012,3
34072,3
13875,3
2849,3
19078,3
2273,3
17548,3
6099,3
25414,3
8564,3
9769,3
35850,3
9471,3
28992,3
8251,3
32996,3
9923,3
6278,3
17141,3
5450,3
16871,3
3705,3
7090,3
10756,3
17094,3
2460,3
24895,3
13887,3
27362,3
8986,3
19364,3
3820,3
31785,3
2154,3
530,3
27238,3
20322,3
1403,3
28010,3
7661,3
4007,3
3534,3
16878,3
20261,3
35847,3
21287,3
34862,3
35388,3
13289,3
2826,3
23875,3
28785,3
11340,3
16502,3
20394,3
20230,3
727,3
8341,3
5895,3
16259,3
16304,3
1046,3
12414,3
31971,3
23956,3
32385,3
6755,3
9857,3
25558,3
32660,3
5074,3
11899,3
6178,3
5543,3
25338,3
30219,3
9050,3
22320,3
34861,3
10991,3
12702,3
10803,3
20202,3
34946,3
33972,3
27322,3
18466,3
24805,3
25003,3
26345,3
27177,3
12001,3
31156,3
16031,3
30565,3
28549,3
5969,3
22388,3
6194,3
27224,3
26524,3
35069,3
5866,3
24871,3
404,3
14914,3
2814,3
27614,3
24423,3
9869,3
18954,3
3517,3
25617,3
17657,3
13198,3
20639,3
26295,3
11336,3
33994,3
26827,3
9702,3
17892,3
5664,3
8146,3
8108,3
1528,3
18338,3
20470,3
4536,3
8488,3
10564,3
18130,3
20076,3
23713,3
31075,3
27574,3
11308,3
17908,3
9149,3
28717,3
22264,3
21150,3
34727,3
6777,3
23522,3
13015,3
18514,3
10829,3
30178,3
18046,3
19735,3
15358,3
7480,3
19862,3
24997,3
4887,3
14213,3
9412,3
1655,3
361,3
24351,3
10697,3
35495,3
30647,3
29444,3
28961,3
10627,3
28430,3
31738,3
7249,3
3020,3
27309,3
30019,3
19747,3
11987,3
18083,3
8027,3
32131,3
28048,3
20802,3
20892,3
24575,3
3048,3
27326,3
11771,3
18122,3
19504,3
22098,3
4355,3
17449,3
6560,3
12163,3
34936,3
8816,3
11288,3
21345,3
3957,3
33555,3
24284,3
797,3
6851,3
11457,3
32487,3
29915,3
16005,3
30377,3
19258,3
18774,3
27352,3
10129,3
14735,3
8178,3
21383,3
5874,3
9660,3
24369,3
35844,3
16301,3
25206,3
11180,3
28147,3
30817,3
7708,3
17608,3
353,3
4907,3
35801,3
22473,3
5129,3
8610,3
28728,3
30055,3
6239,3
28030,3
13769,3
27657,3
10940,3
14233,3
14353,3
8093,3
6739,3
30089,3
25720,3
11063,3
18951,3
15969,3
9576,3
1357,3
32383,3
32559,3
20751,3
11097,3
469,3
17566,3
2772,3
2630,3
12811,3
22990,3
8918,3
26934,3
11595,3
31355,3
16891,3
9066,3
5269,3
26726,3
32683,3
30070,3
14503,3
28871,3
12643,3
25841,3
13506,3
22923,3
25998,3
10831,3
27983,3
17767,3
27452,3
22904,3
11958,3
12297,3
14013,3
18709,3
33832,3
11650,3
20560,3
32419,3
34983,3
19166,3
27118,3
31527,3
22470,3
28494,3
3090,3
457,3
25709,3
8474,3
1024,3
9952,3
5117,3
23118,3
28334,3
31813,3
20534,3
32687,3
34260,3
6783,3
29570,3
13425,3
7062,3
18470,3
15501,3
29102,3
29030,3
17714,3
9901,3
9323,3
14157,3
11467,3
27123,3
21842,3
20225,3
28001,3
31616,3
13630,3
26389,3
20362,3
18608,3
25853,3
12235,3
15711,3
1775,3
32303,3
10700,3
13754,3
19544,3
15988,3
27120,3
12284,3
6573,3
8691,3
27792,3
18038,3
7843,3
16880,3
10093,3
28753,3
14608,3
6653,3
31165,3
25757,3
31850,3
3924,3
28767,3
7014,3
65,3
8317,3
279,3
33143,3
14126,3
9699,3
27516,3
16370,3
23180,3
10551,3
7123,3
33604,3
35235,3
52,3
35663,3
24858,3
10552,3
3526,3
8510,3
27030,3
35573,3
33625,3
69,3
23150,3
31581,3
33162,3
30172,3
24631,3
33552,3
29006,3
14370,3
30954,3
8094,3
7486,3
22456,3
10439,3
24123,3
8621,3
15665,3
2318,3
33851,3
14166,3
6433,3
13658,3
7143,3
33366,3
27594,3
6987,3
19,3
22150,3
3336,3
12264,3
22093,3
33740,3
26504,3
22513,3
26143,3
34034,3
21215,3
33507,3
13545,3
21115,3
25477,3
7125,3
20352,3
7093,3
3889,3
12743,3
19928,3
4236,3
13859,3
3188,3
24742,3
6495,3
410,3
13555,3
21037,3
3643,3
25685,3
1321,3
33419,3
11898,3
10004,3
33202,3
21380,3
1651,3
10109,3
34201,3
25066,3
35406,3
3589,3
7167,3
5534,3
28173,3
24870,3
5778,3
11309,3
9225,3
5625,3
13699,3
30496,3
15417,3
5023,3
10534,3
1870,3
7798,3
14021,3
24265,3
5011,3
12845,3
15314,3
2162,3
9893,3
19385,3
22040,3
17202,3
8693,3
18409,3
14785,3
20398,3
32802,3
32425,3
8922,3
16327,3
13863,3
12028,3
20027,3
19000,3
29305,3
7397,3
6519,3
30075,3
313,3
32850,3
403,3
10001,3
25947,3
27670,3
16555,3
2639,3
32476,3
554,3
22635,3
29302,3
16476,3
271,3
25589,3
27862,3
30913,3
8067,3
9870,3
11130,3
33885,3
17717,3
27323,3
30830,3
30886,3
20356,3
14510,3
30212,3
28318,3
7978,3
6746,3
9987,3
26762,3
5634,3
15594,3
4764,3
25117,3
9980,3
437,3
14331,3
16898,3
6624,3
18547,3
26981,3
3056,3
8489,3
1407,3
13109,3
6568,3
22536,3
27119,3
1271,3
2479,3
11129,3
18898,3
26736,3
4529,3
30104,3
33417,3
30990,3
12178,3
23520,3
25164,3
15147,3
21417,3
21194,3
6034,3
32965,3
8899,3
16029,3
23394,3
13649,3
27563,3
11667,3
10194,3
31262,3
25196,3
28034,3
3470,3
24349,3
31276,3
16047,3
29623,3
10326,3
15892,3
24738,3
15614,3
11428,3
3459,3
7471,3
13169,3
22957,3
14971,3
16522,3
22893,3
35489,3
27257,3
5124,3
1300,3
31450,3
4302,3
12647,3
25410,3
30167,3
10018,3
17614,3
9512,3
12118,3
25077,3
12565,3
10421,3
11418,3
20748,3
29559,3
26887,3
17232,3
29671,3
17606,3
11497,3
18808,3
12717,3
18203,3
21217,3
30298,3
29935,3
22445,3
18408,3
32302,3
24410,3
6946,3
4539,3
5185,3
3003,3
34940,3
17430,3
30574,3
31319,3
14834,3
32224,3
11444,3
25971,3
13088,3
18646,3
5241,3
34906,3
21144,3
35092,3
7821,3
32297,3
19879,3
13742,3
26158,3
20671,3
18491,3
32826,3
17256,3
16222,3
18552,3
32443,3
3677,3
18577,3
31783,3
5557,3
9820,3
32973,3
657,3
4345,3
16002,3
35688,3
19782,3
2835,3
12558,3
19395,3
29869,3
4746,3
19494,3
15031,3
10386,3
20603,3
5230,3
20967,3
5528,3
11023,3
5229,3
7385,3
5024,3
30585,3
9362,3
2194,3
11587,3
16523,3
29022,3
21255,3
15065,3
2634,3
29292,3
35584,3
273,3
26809,3
21431,3
26660,3
4116,3
22591,3
28203,3
7813,3
23214,3
12928,3
11478,3
712,3
6298,3
30912,3
16266,3
4677,3
20049,3
16,3
32716,3
24975,3
21126,3
29280,3
30843,3
18670,3
1919,3
15043,3
20380,3
7469,3
16696,3
6305,3
35091,3
30727,3
11713,3
10076,3
522,3
27935,3
734,3
9918,3
20091,3
26344,3
10597,3
1262,3
25736,3
22963,3
19269,3
22741,3
3057,3
25148,3
9956,3
35408,3
12107,3
7868,3
7801,3
25894,3
16048,3
32119,3
33940,3
9140,3
8187,3
7333,3
8512,3
30799,3
2485,3
13313,3
33088,3
12358,3
23518,3
16772,3
14853,3
20214,3
28572,3
32724,3
28028,3
16678,3
8058,3
22573,3
31534,3
15266,3
15707,3
8919,3
29370,3
13943,3
7395,3
27478,3
9453,3
9798,3
29912,3
9590,3
5640,3
13339,3
21718,3
2499,3
24328,3
22244,3
34332,3
10569,3
14454,3
19403,3
15915,3
21043,3
23103,3
17066,3
25145,3
35293,3
28133,3
27244,3
24743,3
6872,3
33107,3
1499,3
32090,3
787,3
23926,3
8773,3
15181,3
22204,3
18919,3
30747,3
4253,3
25510,3
27458,3
2437,3
26872,3
25211,3
27584,3
31183,3
18239,3
9858,3
17560,3
8299,3
20838,3
24139,3
1568,3
28009,3
1874,3
29847,3
35296,3
16719,3
32469,3
28905,3
16123,3
881,3
3771,3
30099,3
12262,3
4344,3
17038,3
3122,3
25072,3
33914,3
20476,3
34419,3
30929,3
11825,3
21161,3
32493,3
22738,3
13047,3
19394,3
13140,3
30690,3
19044,3
15305,3
9080,3
30159,3
12627,3
152,3
4925,3
247,3
9298,3
13435,3
15993,3
11779,3
22256,3
10712,3
28289,3
12977,3
31528,3
10338,3
30577,3
28249,3
35217,3
26836,3
14231,3
27006,3
28469,3
12774,3
29375,3
13125,3
10368,3
19148,3
21114,3
7625,3
7020,3
21915,3
22866,3
24273,3
29243,3
19192,3
1842,3
23096,3
8522,3
14402,3
14116,3
12434,3
19063,3
30195,3
26290,3
10449,3
8736,3
31633,3
15082,3
21228,3
33025,3
29514,3
13089,3
12639,3
21707,3
27745,3
27997,3
4944,3
25729,3
9500,3
26060,3
7366,3
13888,3
30906,3
838,3
2587,3
642,3
15861,3
18710,3
30757,3
18565,3
32871,3
6579,3
26137,3
4918,3
14160,3
6191,3
16579,3
9618,3
13564,3
16440,3
20368,3
22620,3
18181,3
3666,3
30140,3
1848,3
34000,3
24394,3
18574,3
606,3
11275,3
29980,3
15868,3
22512,3
6285,3
33350,3
30824,3
21089,3
8451,3
2000,3
13674,3
19943,3
35815,3
28821,3
31598,3
19247,3
18462,3
12766,3
24893,3
4845,3
13353,3
1760,3
13155,3
25201,3
8724,3
29942,3
18696,3
33621,3
4164,3
34276,3
10883,3
1653,3
4674,3
11727,3
26952,3
8602,3
4569,3
33036,3
31907,3
6958,3
22753,3
9325,3
6527,3
2591,3
32932,3
19681,3
26949,3
4801,3
34827,3
31651,3
35781,3
16352,3
34176,3
14337,3
11662,3
12410,3
18866,3
34809,3
12807,3
5008,3
5186,3
29971,3
7382,3
2760,3
19795,3
12006,3
32873,3
32709,3
25365,3
27697,3
3778,3
35028,3
7190,3
31665,3
22170,3
18362,3
29188,3
5602,3
19454,3
20700,3
28404,3
19816,3
70,3
11815,3
28723,3
34669,3
18738,3
18906,3
29127,3
4467,3
14938,3
3263,3
23988,3
32338,3
10453,3
13187,3
14500,3
33696,3
35213,3
15745,3
15515,3
158,3
26160,3
29227,3
31647,3
32311,3
14748,3
25033,3
24595,3
21705,3
4301,3
12772,3
688,3
6917,3
4860,3
18427,3
23684,3
30084,3
7707,3
28453,3
24321,3
26566,3
1879,3
15498,3
823,3
11035,3
24156,3
13101,3
28791,3
21533,3
16481,3
11706,3
29277,3
3435,3
7200,3
10938,3
4805,3
21,3
21016,3
6250,3
34133,3
8561,3
25089,3
23130,3
8685,3
28344,3
29246,3
7018,3
21893,3
32098,3
1734,3
4665,3
21324,3
12306,3
1791,3
14359,3
7165,3
35,3
12707,3
7786,3
10263,3
934,3
4524,3
1002,3
33485,3
11053,3
28731,3
22458,3
19983,3
6934,3
31842,3
21203,3
22829,3
29449,3
27044,3
19668,3
27696,3
13112,3
6824,3
34725,3
3581,3
5827,3
22955,3
10077,3
33404,3
20479,3
14355,3
20996,3
35690,3
17155,3
29161,3
34962,3
10032,3
30859,3
29692,3
33717,3
8344,3
8265,3
22154,3
26114,3
14252,3
13840,3
35064,3
3154,3
25392,3
22593,3
126,3
35322,3
2742,3
6265,3
8558,3
6114,3
12737,3
17544,3
27638,3
25430,3
1421,3
5811,3
6213,3
26178,3
11267,3
27291,3
16572,3
16373,3
25543,3
33547,3
11624,3
19918,3
27373,3
27400,3
19080,3
26918,3
9985,3
31826,3
20110,3
32887,3
2805,3
13864,3
2341,3
35542,3
5427,3
34972,3
24152,3
31121,3
26167,3
17478,3
11184,3
8798,3
13152,3
28849,3
34222,3
10118,3
33153,3
9021,3
33565,3
29330,3
22949,3
24406,3
17655,3
22590,3
6666,3
14124,3
24940,3
38,3
12778,3
5249,3
15252,3
28058,3
20462,3
27807,3
338,3
35193,3
26556,3
33666,3
2923,3
2845,3
13879,3
10646,3
14812,3
23274,3
6545,3
666,3
32847,3
26286,3
28659,3
8985,3
1623,3
9195,3
9277,3
22486,3
32518,3
19422,3
25144,3
253,3
6122,3
26320,3
19595,3
22780,3
10353,3
24550,3
26858,3
5669,3
33147,3
15008,3
32545,3
2349,3
13910,3
1224,3
23452,3
2200,3
7294,3
15321,3
32732,3
15692,3
32628,3
21702,3
21173,3
28940,3
15833,3
20327,3
6130,3
16624,3
31368,3
2156,3
23746,3
17726,3
35541,3
20443,3
11395,3
27494,3
8323,3
15196,3
3315,3
30481,3
23167,3
6609,3
34622,3
32520,3
1451,3
23812,3
29261,3
33451,3
23559,3
16644,3
16087,3
17679,3
9881,3
24803,3
34014,3
14029,3
4526,3
22210,3
17555,3
7048,3
12127,3
13447,3
2655,3
33808,3
28574,3
16934,3
27835,3
9005,3
14173,3
33999,3
13709,3
6119,3
27388,3
23446,3
1292,3
3992,3
32051,3
33518,3
1159,3
1634,3
24882,3
20568,3
28997,3
31897,3
15159,3
26714,3
14027,3
21447,3
7118,3
11259,3
13795,3
27242,3
33063,3
25068,3
17848,3
13874,3
2513,3
30451,3
24681,3
19216,3
29707,3
8380,3
19271,3
13018,3
35303,3
35777,3
14288,3
7879,3
3361,3
27131,3
3767,3
34600,3
20041,3
466,3
15878,3
34555,3
18915,3
6673,3
449,3
14058,3
27609,3
13729,3
31247,3
29134,3
35755,3
34819,3
24963,3
22954,3
16362,3
22429,3
6796,3
27208,3
16011,3
26146,3
34459,3
13033,3
6243,3
25739,3
7247,3
18330,3
31297,3
35313,3
31282,3
35496,3
23073,3
17012,3
24061,3
25486,3
12673,3
26011,3
11836,3
9460,3
18584,3
23235,3
14417,3
9387,3
13974,3
15554,3
35106,3
6161,3
32840,3
30103,3
35817,3
30479,3
33845,3
33750,3
32605,3
23530,3
4166,3
18101,3
11445,3
25353,3
7854,3
2037,3
9910,3
34487,3
18169,3
30968,3
20547,3
7368,3
10273,3
28410,3
13576,3
22215,3
19030,3
25432,3
16342,3
3894,3
192,3
28988,3
22783,3
32033,3
29557,3
14627,3
32550,3
30117,3
8212,3
31644,3
31887,3
2032,3
33491,3
26240,3
35457,3
23079,3
19545,3
17087,3
34758,3
5919,3
1362,3
34831,3
25606,3
12251,3
17488,3
2084,3
24206,3
24771,3
573,3
1023,3
20699,3
3682,3
4720,3
31795,3
21195,3
32319,3
19131,3
21142,3
14304,3
34882,3
29222,3
13871,3
13232,3
29105,3
15381,3
34518,3
27298,3
12511,3
5133,3
28599,3
18960,3
34126,3
21307,3
16520,3
27330,3
6318,3
25219,3
7688,3
33129,3
14730,3
29088,3
4127,3
9301,3
10648,3
24791,3
32681,3
30463,3
4080,3
5983,3
21700,3
7578,3
34031,3
25223,3
20714,3
28160,3
18904,3
8029,3
28550,3
18732,3
23439,3
31148,3
2304,3
2693,3
23433,3
27201,3
2727,3
9623,3
443,3
27889,3
19535,3
34039,3
17897,3
19295,3
1682,3
7156,3
19837,3
28931,3
17416,3
32596,3
8435,3
183,3
13220,3
11842,3
1375,3
32428,3
9619,3
5829,3
22490,3
13970,3
13038,3
31762,3
3654,3
10060,3
19127,3
33084,3
3035,3
5474,3
33671,3
10856,3
27021,3
20723,3
17278,3
30114,3
29688,3
35774,3
10636,3
1938,3
22169,3
25974,3
24090,3
32644,3
281,3
30057,3
25905,3
32096,3
10120,3
5325,3
19444,3
10104,3
25566,3
20134,3
28178,3
16907,3
27963,3
24280,3
3613,3
26024,3
13050,3
22646,3
33387,3
23949,3
14925,3
5419,3
26699,3
33707,3
10122,3
1947,3
23415,3
30910,3
20585,3
31829,3
5976,3
26309,3
2896,3
20575,3
10070,3
15805,3
30907,3
1534,3
3403,3
18473,3
33338,3
26638,3
34521,3
5877,3
33187,3
4666,3
24397,3
12864,3
23556,3
24892,3
35251,3
19713,3
8361,3
21510,3
12201,3
24709,3
12234,3
13950,3
15884,3
13119,3
29818,3
28685,3
3675,3
29708,3
6441,3
14192,3
29116,3
13865,3
29951,3
25658,3
23837,3
17481,3
6019,3
29065,3
707,3
6989,3
22218,3
10937,3
35876,3
29578,3
12476,3
11534,3
3542,3
23534,3
27904,3
1804,3
32764,3
21004,3
29849,3
23566,3
34385,3
2158,3
20132,3
34602,3
35234,3
25084,3
23307,3
1926,3
23060,3
31220,3
34538,3
26582,3
26498,3
24515,3
14225,3
1737,3
5252,3
4202,3
17999,3
16600,3
8743,3
19588,3
6722,3
15059,3
28533,3
20014,3
24596,3
27317,3
3686,3
15454,3
6281,3
25069,3
5809,3
24455,3
22589,3
26551,3
7791,3
7749,3
8829,3
9529,3
4839,3
5231,3
2010,3
23190,3
2838,3
13333,3
9456,3
13022,3
66,3
10518,3
18967,3
31416,3
31219,3
20987,3
14932,3
22492,3
1784,3
6447,3
17495,3
1455,3
16074,3
19096,3
24144,3
17549,3
12657,3
28867,3
32288,3
29217,3
32891,3
19792,3
2461,3
26007,3
31741,3
7692,3
4271,3
34191,3
17041,3
18792,3
22698,3
16042,3
6687,3
11758,3
27585,3
17831,3
10750,3
7377,3
1710,3
13524,3
12366,3
8249,3
14009,3
14879,3
18654,3
4060,3
7765,3
16303,3
30869,3
16788,3
23144,3
12697,3
31652,3
19867,3
26273,3
34388,3
16731,3
24736,3
23116,3
19301,3
31770,3
32339,3
28629,3
17362,3
29907,3
11304,3
16661,3
34367,3
25806,3
27316,3
9295,3
20928,3
18707,3
3457,3
34443,3
6516,3
30331,3
19644,3
27090,3
14361,3
27546,3
3635,3
29850,3
240,3
28299,3
12461,3
3575,3
10389,3
11619,3
8399,3
9575,3
11018,3
13117,3
23565,3
15859,3
19810,3
33702,3
23678,3
10342,3
33102,3
22303,3
29235,3
8464,3
33948,3
30035,3
32981,3
18890,3
27392,3
3600,3
3670,3
2140,3
7182,3
23184,3
21349,3
14427,3
14055,3
8513,3
29616,3
20396,3
19997,3
25917,3
15803,3
22190,3
7399,3
24519,3
30828,3
2141,3
17408,3
21896,3
33455,3
11043,3
33848,3
26332,3
11998,3
17325,3
34609,3
25539,3
30765,3
17065,3
19856,3
18498,3
4741,3
10813,3
29739,3
30744,3
10246,3
8373,3
10904,3
22045,3
29156,3
8410,3
32855,3
26351,3
30760,3
27856,3
20087,3
30620,3
2031,3
12466,3
13483,3
1522,3
15042,3
2248,3
10444,3
7078,3
6067,3
18308,3
3074,3
17048,3
4048,3
15918,3
24309,3
30534,3
19808,3
32222,3
10409,3
22157,3
32381,3
2545,3
8599,3
15418,3
17628,3
14250,3
27054,3
9261,3
18093,3
1082,3
16261,3
1556,3
16085,3
29699,3
10481,3
25516,3
25751,3
7098,3
318,3
35336,3
29822,3
12747,3
2224,3
31908,3
17134,3
19756,3
12986,3
26510,3
15742,3
22932,3
20237,3
32485,3
17801,3
21908,3
29047,3
10500,3
21515,3
19407,3
923,3
16138,3
12469,3
17055,3
8926,3
2552,3
33571,3
6401,3
27197,3
25373,3
14792,3
9172,3
18272,3
16906,3
4611,3
15973,3
33085,3
18894,3
35511,3
35537,3
31797,3
12380,3
20338,3
18256,3
35782,3
5458,3
29575,3
17764,3
4000,3
3707,3
26070,3
30129,3
6349,3
26513,3
20843,3
20050,3
10909,3
17062,3
20616,3
22049,3
33264,3
23886,3
23472,3
25799,3
12887,3
4748,3
22862,3
13161,3
14778,3
4573,3
20953,3
2165,3
4032,3
26375,3
91,3
26515,3
24129,3
15157,3
12535,3
31302,3
10868,3
9063,3
19910,3
30445,3
27906,3
10985,3
3243,3
15245,3
29919,3
9213,3
25816,3
15591,3
19561,3
5331,3
16864,3
26447,3
32616,3
20797,3
22318,3
4730,3
17078,3
23279,3
16777,3
3801,3
21671,3
12120,3
18004,3
11396,3
35279,3
27559,3
29797,3
15533,3
7353,3
17346,3
22255,3
22930,3
21756,3
29903,3
11211,3
3044,3
33099,3
30610,3
32184,3
5651,3
11606,3
21716,3
6317,3
31421,3
17073,3
5735,3
10523,3
1322,3
6443,3
6414,3
3678,3
26346,3
9083,3
27147,3
12175,3
992,3
23367,3
21361,3
24627,3
26440,3
16647,3
15119,3
15977,3
10686,3
29655,3
21087,3
22576,3
34684,3
19480,3
21451,3
32299,3
33592,3
32602,3
13032,3
18388,3
12004,3
426,3
32069,3
25293,3
22097,3
8229,3
6711,3
34619,3
8403,3
703,3
11113,3
23846,3
10272,3
11684,3
567,3
15354,3
34848,3
14810,3
29465,3
6104,3
11279,3
11944,3
14840,3
13221,3
1304,3
16071,3
17016,3
2310,3
14247,3
646,3
13428,3
12043,3
5272,3
18201,3
9093,3
25879,3
22220,3
16214,3
24100,3
1000,3
22671,3
6805,3
5027,3
3933,3
13516,3
29178,3
18131,3
22013,3
27477,3
17968,3
17835,3
6802,3
3614,3
19140,3
11658,3
26242,3
19031,3
14113,3
20294,3
6505,3
33173,3
22128,3
33947,3
17333,3
4066,3
25835,3
8183,3
2873,3
27216,3
35136,3
32674,3
23817,3
2537,3
10522,3
11702,3
6211,3
3386,3
15544,3
26532,3
22601,3
11729,3
24949,3
35377,3
14413,3
13684,3
11688,3
23913,3
12479,3
23749,3
14955,3
8957,3
558,3
5953,3
10770,3
3524,3
17866,3
3620,3
17213,3
26203,3
2347,3
2714,3
29735,3
6015,3
7965,3
23839,3
17413,3
22153,3
18550,3
30410,3
21250,3
21145,3
11872,3
8788,3
35597,3
26355,3
29340,3
24359,3
2899,3
14100,3
9360,3
17111,3
11262,3
2998,3
34881,3
9136,3
16848,3
26298,3
1448,3
218,3
12570,3
23365,3
5021,3
27128,3
15835,3
22441,3
8682,3
1826,3
15311,3
13964,3
34513,3
10161,3
6107,3
16141,3
791,3
14536,3
32713,3
7903,3
26110,3
27290,3
21905,3
14082,3
18708,3
30289,3
32627,3
6500,3
23544,3
19401,3
31939,3
17468,3
30076,3
10934,3
12364,3
1903,3
2830,3
31280,3
17102,3
1921,3
34167,3
12054,3
8775,3
12999,3
35854,3
6712,3
30343,3
9615,3
4716,3
25253,3
24865,3
35465,3
28196,3
3333,3
13837,3
24903,3
35446,3
34773,3
12489,3
16814,3
30456,3
22394,3
34575,3
8507,3
6695,3
20816,3
24662,3
29687,3
26475,3
24392,3
26782,3
30315,3
10724,3
26715,3
31622,3
7631,3
6070,3
20015,3
6287,3
13751,3
22051,3
14739,3
1052,3
17286,3
799,3
23284,3
16231,3
33765,3
16307,3
30371,3
23781,3
6132,3
16755,3
21561,3
12797,3
3055,3
4871,3
13231,3
35849,3
903,3
29750,3
21075,3
16861,3
18488,3
24044,3
18261,3
31958,3
245,3
34480,3
4082,3
9542,3
8779,3
8472,3
12725,3
24176,3
25774,3
151,3
14555,3
11887,3
1997,3
6125,3
27342,3
31202,3
23709,3
26258,3
31789,3
21005,3
25227,3
21463,3
17103,3
11801,3
3874,3
14507,3
17043,3
10504,3
1193,3
114,3
34688,3
22427,3
25950,3
34507,3
17938,3
19006,3
19648,3
15567,3
19687,3
12931,3
15216,3
19946,3
21330,3
12372,3
25781,3
6486,3
17952,3
35031,3
23419,3
8537,3
7420,3
20375,3
16715,3
12014,3
23573,3
15789,3
30345,3
33594,3
20496,3
24112,3
3724,3
18310,3
18734,3
3485,3
5162,3
30568,3
17852,3
21080,3
27381,3
1636,3
27255,3
12724,3
18723,3
33172,3
26275,3
29095,3
29032,3
4938,3
26509,3
11830,3
14957,3
26307,3
30798,3
584,3
31981,3
23540,3
35749,3
27062,3
23246,3
14798,3
2256,3
28341,3
15091,3
8825,3
7111,3
32392,3
9041,3
34426,3
5998,3
7826,3
11670,3
27187,3
4196,3
25915,3
34751,3
721,3
17836,3
25220,3
18345,3
19803,3
2508,3
2009,3
19949,3
15477,3
20554,3
4566,3
30849,3
6436,3
23635,3
27742,3
16139,3
6036,3
10965,3
18007,3
28913,3
31043,3
33403,3
15069,3
18795,3
33065,3
11172,3
11896,3
12290,3
12345,3
10271,3
9222,3
8954,3
22410,3
32804,3
9678,3
16061,3
11020,3
29074,3
15889,3
11247,3
16478,3
7041,3
922,3
1073,3
35689,3
64,3
11181,3
19882,3
11865,3
23191,3
22012,3
20077,3
9662,3
16698,3
19694,3
16456,3
1908,3
25512,3
8956,3
26292,3
189,3
14323,3
2544,3
19374,3
12373,3
3979,3
2929,3
8327,3
28121,3
15247,3
25497,3
28397,3
26777,3
4966,3
26192,3
29253,3
26982,3
13103,3
11343,3
4775,3
28282,3
35381,3
16548,3
18155,3
22465,3
7279,3
23141,3
1328,3
2496,3
5695,3
6406,3
20082,3
22656,3
24548,3
14373,3
25377,3
33797,3
14435,3
17607,3
33782,3
2837,3
26179,3
23161,3
20819,3
16346,3
29239,3
31625,3
1289,3
14797,3
21912,3
31860,3
22961,3
8135,3
27895,3
29867,3
15242,3
20177,3
31787,3
418,3
3671,3
1934,3
9105,3
11019,3
1917,3
9977,3
5171,3
30198,3
30396,3
35695,3
31512,3
31914,3
32084,3
30431,3
18901,3
16114,3
9384,3
31184,3
20097,3
7953,3
16269,3
4064,3
9866,3
25096,3
31328,3
6198,3
1706,3
12219,3
25105,3
28330,3
33538,3
2558,3
20829,3
5694,3
10833,3
28409,3
16229,3
26871,3
18978,3
14964,3
14433,3
15130,3
34603,3
14374,3
31601,3
1645,3
21459,3
33079,3
17191,3
32109,3
44,3
6117,3
9311,3
7443,3
7859,3
26890,3
25120,3
12451,3
10810,3
16560,3
33840,3
20766,3
28216,3
13102,3
20563,3
23017,3
23633,3
3012,3
8407,3
34253,3
23287,3
28762,3
175,3
12881,3
14762,3
28741,3
26937,3
18325,3
19458,3
7429,3
26859,3
34080,3
4099,3
11714,3
35602,3
28727,3
35245,3
27621,3
28046,3
14771,3
29924,3
23194,3
8109,3
32968,3
18581,3
31557,3
20391,3
26806,3
14904,3
20172,3
1377,3
31645,3
10182,3
6481,3
2930,3
21650,3
13227,3
15598,3
28929,3
20036,3
14020,3
7225,3
15659,3
16700,3
34604,3
693,3
24202,3
8738,3
23806,3
19749,3
14867,3
15770,3
15982,3
11923,3
3494,3
33024,3
6460,3
26601,3
14081,3
27595,3
2045,3
29238,3
17096,3
22189,3
21095,3
6550,3
4349,3
10336,3
10014,3
33140,3
24698,3
24843,3
15211,3
34665,3
18926,3
34912,3
18871,3
25433,3
16830,3
34790,3
5316,3
6808,3
30145,3
14976,3
27461,3
9584,3
6142,3
23695,3
21290,3
24697,3
24624,3
4735,3
30161,3
18671,3
34371,3
31042,3
28714,3
13634,3
32779,3
15326,3
14175,3
20885,3
23360,3
18105,3
16581,3
27022,3
26253,3
11744,3
12101,3
10030,3
2038,3
27714,3
21199,3
11757,3
30728,3
19461,3
27555,3
19732,3
20459,3
18197,3
14624,3
26074,3
2745,3
33080,3
18632,3
388,3
2617,3
29122,3
18927,3
30978,3
32364,3
31394,3
4601,3
20597,3
26013,3
18446,3
26107,3
14638,3
12116,3
27401,3
29976,3
2177,3
3176,3
12587,3
27476,3
9089,3
34682,3
17105,3
30815,3
26226,3
24511,3
16025,3
25651,3
1666,3
20119,3
31226,3
3498,3
11303,3
17007,3
7997,3
27708,3
30339,3
33635,3
15958,3
25163,3
27361,3
4992,3
17244,3
20517,3
6129,3
7991,3
27880,3
31314,3
14554,3
35017,3
5268,3
12376,3
22659,3
16668,3
21562,3
28556,3
5245,3
23460,3
32619,3
24231,3
28021,3
20719,3
13384,3
21060,3
25097,3
32309,3
13442,3
206,3
12355,3
34707,3
16379,3
14691,3
24583,3
7138,3
9622,3
27228,3
25348,3
7348,3
28551,3
27058,3
597,3
1430,3
29098,3
26578,3
16165,3
16036,3
32719,3
9247,3
2572,3
7513,3
35540,3
22925,3
12241,3
30920,3
3032,3
24747,3
14422,3
22351,3
34598,3
27973,3
23712,3
7710,3
8096,3
23123,3
18987,3
10658,3
1216,3
22700,3
26077,3
11128,3
1131,3
28784,3
19406,3
9698,3
22425,3
25336,3
15345,3
31862,3
6651,3
8262,3
5356,3
6845,3
5647,3
6898,3
18419,3
24960,3
8112,3
24141,3
1537,3
17184,3
34892,3
27683,3
17158,3
28953,3
18905,3
4654,3
6256,3
25376,3
34411,3
186,3
10149,3
18996,3
11756,3
10141,3
9493,3
18751,3
2240,3
18638,3
1290,3
19912,3
1590,3
21775,3
29622,3
22284,3
16091,3
14007,3
7237,3
26580,3
29301,3
28025,3
21280,3
9008,3
8104,3
6911,3
13126,3
32741,3
21452,3
24405,3
25552,3
15720,3
3379,3
33299,3
20521,3
13166,3
22633,3
3729,3
26618,3
16235,3
1617,3
14059,3
15441,3
20927,3
9548,3
3193,3
1435,3
21695,3
14611,3
20061,3
1574,3
21336,3
35872,3
34709,3
34435,3
30498,3
34207,3
18199,3
17348,3
4900,3
3222,3
7789,3
11409,3
6380,3
32490,3
1416,3
30867,3
18793,3
14461,3
8730,3
26745,3
15338,3
26326,3
21919,3
45,3
13739,3
25760,3
17344,3
25498,3
27801,3
13704,3
21002,3
35316,3
25367,3
9554,3
5425,3
32005,3
28534,3
3813,3
19864,3
346,3
35110,3
17932,3
9763,3
13276,3
30248,3
10394,3
29873,3
20178,3
29662,3
12822,3
23125,3
16026,3
2963,3
4883,3
28740,3
24340,3
11248,3
25865,3
14596,3
25328,3
16473,3
2782,3
26768,3
32624,3
17613,3
29396,3
35309,3
31589,3
5485,3
18661,3
1460,3
21500,3
2668,3
12688,3
32511,3
11827,3
30513,3
22695,3
34298,3
23759,3
8320,3
1909,3
16016,3
34713,3
5255,3
35190,3
30389,3
4868,3
23529,3
21123,3
3355,3
364,3
16443,3
24679,3
263,3
34313,3
26734,3
6836,3
18291,3
17438,3
15967,3
14096,3
